<?xml version="1.0" encoding="UTF-8"?>
<assembly
        xmlns="http://maven.apache.org/plugins/maven-assembly-plugin/assembly/1.1.3"
        xmlns:xsi="http://www.w3.org/2001/XMLSchema-instance"
        xsi:schemaLocation="http://maven.apache.org/plugins/maven-assembly-plugin/assembly/1.1.3 http://maven.apache.org/xsd/assembly-1.1.3.xsd">
    <id>graylog-server-tarball</id>
    <formats>
        <format>tar.gz</format>
    </formats>
    <includeBaseDirectory>false</includeBaseDirectory>
    <fileSets>
        <fileSet>
            <directory>${project.basedir}/..</directory>
            <includes>
                <include>README.markdown</include>
                <include>LICENSE</include>
                <include>UPGRADING.rst</include>
            </includes>
        </fileSet>

        <!-- empty directories -->
        <fileSet>
            <directory>./</directory>
            <outputDirectory>log</outputDirectory>
            <excludes>
                <exclude>*/**</exclude>
            </excludes>
        </fileSet>
        <fileSet>
            <directory>./</directory>
            <outputDirectory>plugin</outputDirectory>
            <excludes>
                <exclude>*/**</exclude>
            </excludes>
        </fileSet>
    </fileSets>
    <files>
        <file>
            <source>${project.basedir}/../graylog2-server/target/graylog2-server-${project.version}-shaded.jar</source>
            <destName>graylog.jar</destName>
            <outputDirectory>.</outputDirectory>
        </file>
        <file>
            <source>${project.basedir}/../bin/graylogctl</source>
            <outputDirectory>bin/</outputDirectory>
            <fileMode>0755</fileMode>
        </file>
        <file>
            <source>${project.basedir}/../misc/graylog.conf</source>
            <destName>graylog.conf.example</destName>
            <outputDirectory>.</outputDirectory>
        </file>
        <file>
            <source>${project.basedir}/../graylog-storage-elasticsearch6/target/graylog-storage-elasticsearch6-${project.version}.jar</source>
            <outputDirectory>plugin/</outputDirectory>
        </file>
        <file>
            <source>${project.basedir}/../graylog-storage-elasticsearch7/target/graylog-storage-elasticsearch7-${project.version}.jar</source>
            <outputDirectory>plugin/</outputDirectory>
        </file>
    </files>
</assembly>
