<?xml version="1.0" encoding="UTF-8"?>
<assembly xmlns="http://maven.apache.org/plugins/maven-assembly-plugin/assembly/1.1.3"
          xmlns:xsi="http://www.w3.org/2001/XMLSchema-instance"
          xsi:schemaLocation="http://maven.apache.org/plugins/maven-assembly-plugin/assembly/1.1.3 http://maven.apache.org/xsd/assembly-1.1.3.xsd">
    <id>with-dependencies</id>
    <formats>
        <format>jar</format>
    </formats>
    <includeBaseDirectory>false</includeBaseDirectory>
    <dependencySets>
        <dependencySet>
            <outputDirectory>/</outputDirectory>
            <unpack>true</unpack>
            <scope>runtime</scope>
            <useProjectArtifact>true</useProjectArtifact>
            <useTransitiveDependencies>true</useTransitiveDependencies>
            <includes>
                <include>org.graylog:graylog-storage-elasticsearch7</include>
                <include>org.graylog.shaded:elasticsearch7</include>
                <include>org.graylog.shaded:elasticsearch-rest-client-sniffer7</include>
            </includes>
        </dependencySet>
    </dependencySets>
</assembly>
