<FindBugsFilter>
    <Match>
        <Or>
            <Bug pattern="EXS_EXCEPTION_SOFTENING_NO_CONSTRAINTS"/>
            <Bug pattern="CRLF_INJECTION_LOGS"/>
            <Bug pattern="CD_CIRCULAR_DEPENDENCY"/>
            <Bug pattern="NAB_NEEDLESS_BOOLEAN_CONSTANT_CONVERSION"/>
        </Or>
    </Match>
    <Match>
        <!-- Generated by Protobuf -->
        <Class name="~org.graylog2.plugin.journal.JournalMessages.*"/>
    </Match>
    <Match>
        <!-- Generated by Google AutoValue -->
        <Class name="~.*AutoValue_[A-Z].+"/>
    </Match>
</FindBugsFilter>
